title,rank,date,artist,url,region,chart,trend,streams
Starboy,1,2017-01-01,"The Weeknd, Daft Punk",https://open.spotify.com/track/5aAx2yezTd8zXrkmtKl66Z,Global,top200,SAME_POSITION,3135625
Closer,2,2017-01-01,"The Chainsmokers, Halsey",https://open.spotify.com/track/7BKLCZ1jbUBVqRi2FVlTVw,Global,top200,SAME_POSITION,3015525
Let Me Love You,3,2017-01-01,"DJ Snake, Justin Bieber",https://open.spotify.com/track/4pdPtRcBmOSQDlJ3Fk945m,Global,top200,MOVE_UP,2545384
Rockabye (feat. Sean Paul & Anne-Marie),4,2017-01-01,Clean Bandit,https://open.spotify.com/track/5knuzwU65gJK7IF5yJsuaW,Global,top200,MOVE_DOWN,2356604
One Dance,5,2017-01-01,"Drake, WizKid, Kyla",https://open.spotify.com/track/1xznGGDReH1oQq0xzbwXa3,Global,top200,SAME_POSITION,2259887
Fake Love,6,2017-01-01,Drake,https://open.spotify.com/track/343YBumqHu19cGoGARUTsd,Global,top200,MOVE_UP,2137437
24K Magic,7,2017-01-01,Bruno Mars,https://open.spotify.com/track/6b8Be6ljOzmkOmFslEb23P,Global,top200,SAME_POSITION,2111599
Don't Wanna Know,8,2017-01-01,"Maroon 5, Kendrick Lamar",https://open.spotify.com/track/5MFzQMkrl1FOOng9tq6R9r,Global,top200,MOVE_DOWN,2107137
Black Beatles,9,2017-01-01,"Rae Sremmurd, Gucci Mane",https://open.spotify.com/track/6fujklziTHa8uoM5OQSfIo,Global,top200,MOVE_DOWN,2075732
I Feel It Coming,10,2017-01-01,"The Weeknd, Daft Punk",https://open.spotify.com/track/5GXAXm5YOmYT0kL5jHvYBt,Global,top200,MOVE_DOWN,1949575
Chantaje (feat. Maluma),11,2017-01-01,Shakira,https://open.spotify.com/track/6mICuAdrwEjh6Y6lroV2Kg,Global,top200,MOVE_UP,1893214
"I Don’t Wanna Live Forever (Fifty Shades Darker) - From ""Fifty Shades Darker (Original Motion Picture Soundtrack)""",12,2017-01-01,"ZAYN, Taylor Swift",https://open.spotify.com/track/3NdDpSvN911VPGivFlV5d0,Global,top200,SAME_POSITION,1857252
Say You Won't Let Go,13,2017-01-01,James Arthur,https://open.spotify.com/track/5uCax9HTNlzGybIStD3vDh,Global,top200,SAME_POSITION,1812335
Bad and Boujee (feat. Lil Uzi Vert),14,2017-01-01,Migos,https://open.spotify.com/track/4Km5HrUvYTaSUfiSGPJeQR,Global,top200,MOVE_UP,1801707
Cold Water (feat. Justin Bieber & MØ),15,2017-01-01,Major Lazer,https://open.spotify.com/track/6DNtNfH8hXkqOX1sjqmI7p,Global,top200,MOVE_DOWN,1731191
In the Name of Love,16,2017-01-01,"Martin Garrix, Bebe Rexha",https://open.spotify.com/track/04DwTuZ2VBdJCCC5TROn7L,Global,top200,SAME_POSITION,1647944
Side To Side,17,2017-01-01,"Ariana Grande, Nicki Minaj",https://open.spotify.com/track/4pLwZjInHj3SimIyN9SnOz,Global,top200,MOVE_UP,1527676
Call On Me - Ryan Riback Extended Remix,18,2017-01-01,Starley,https://open.spotify.com/track/78rIJddV4X0HkNAInEcYde,Global,top200,MOVE_DOWN,1507320
"CAN'T STOP THE FEELING! (Original Song from DreamWorks Animation's ""TROLLS"")",19,2017-01-01,Justin Timberlake,https://open.spotify.com/track/6JV2JOEocMgcZxYSZelKcc,Global,top200,MOVE_DOWN,1480601
Don't Let Me Down (feat. Daya),20,2017-01-01,The Chainsmokers,https://open.spotify.com/track/0QsvXIfqM0zZoerQfsI9lm,Global,top200,MOVE_UP,1438471
Treat You Better,21,2017-01-01,Shawn Mendes,https://open.spotify.com/track/4Hf7WnR761jpxPr5D46Bcd,Global,top200,MOVE_UP,1409430
Just Hold On,22,2017-01-01,"Steve Aoki, Louis Tomlinson",https://open.spotify.com/track/3EmmCZoqpWOTY1g2GBwJoR,Global,top200,MOVE_DOWN,1375005
My Way,23,2017-01-01,Calvin Harris,https://open.spotify.com/track/1vvNmPOiUuyCbgWmtc6yfm,Global,top200,MOVE_DOWN,1341827
Starving,24,2017-01-01,"Hailee Steinfeld, Grey, Zedd",https://open.spotify.com/track/1qOLh0tI7trd1zdDKxYZTe,Global,top200,SAME_POSITION,1338596
Bad Things (with Camila Cabello),25,2017-01-01,Machine Gun Kelly,https://open.spotify.com/track/1PSBzsahR2AKwLJgx8ehBj,Global,top200,MOVE_UP,1257334
Heathens,26,2017-01-01,Twenty One Pilots,https://open.spotify.com/track/6i0V12jOa3mr6uu4WYhUBr,Global,top200,MOVE_UP,1255839
Cheap Thrills,27,2017-01-01,Sia,https://open.spotify.com/track/27SdWb2rFzO6GWiYDBTD9j,Global,top200,MOVE_DOWN,1238279
All We Know,28,2017-01-01,"The Chainsmokers, Phoebe Ryan",https://open.spotify.com/track/2rizacJSyD9S1IQUxUxnsK,Global,top200,MOVE_DOWN,1238138
Mercy,29,2017-01-01,Shawn Mendes,https://open.spotify.com/track/4TZy1wLyHec06pwgFYDh1a,Global,top200,SAME_POSITION,1215550
Reggaetón Lento (Bailemos),30,2017-01-01,CNCO,https://open.spotify.com/track/3AEZUABDXNtecAOSC1qTfo,Global,top200,MOVE_UP,1164530
Broccoli (feat. Lil Yachty),31,2017-01-01,Shelley FKA DRAM,https://open.spotify.com/track/7yyRTcZmCiyzzJlNzGC9Ol,Global,top200,MOVE_UP,1149938
I Took A Pill In Ibiza - Seeb Remix,32,2017-01-01,Mike Posner,https://open.spotify.com/track/17Fd6Yb7mSbinKG8LoWfFl,Global,top200,MOVE_DOWN,1112074
Safari,33,2017-01-01,"J Balvin, Pharrell Williams, BIA, Sky",https://open.spotify.com/track/6rQSrBHf7HlZjtcMZ4S4bO,Global,top200,MOVE_UP,1112032
This Is What You Came For (feat. Rihanna),34,2017-01-01,Calvin Harris,https://open.spotify.com/track/0azC730Exh71aQlOt9Zj3y,Global,top200,MOVE_DOWN,1094062
Work from Home (feat. Ty Dolla $ign),35,2017-01-01,Fifth Harmony,https://open.spotify.com/track/4tCtwWceOPWzenK2HAIJSb,Global,top200,MOVE_UP,1059658
Scars To Your Beautiful,36,2017-01-01,Alessia Cara,https://open.spotify.com/track/0prNGof3XqfTvNDxHonvdK,Global,top200,SAME_POSITION,1031598
Vente Pa' Ca (feat. Maluma),37,2017-01-01,Ricky Martin,https://open.spotify.com/track/7DM4BPaS7uofFul3ywMe46,Global,top200,MOVE_UP,1016899
All Night,38,2017-01-01,"The Vamps, Matoma",https://open.spotify.com/track/4b4KcovePX8Ke2cLIQTLM0,Global,top200,MOVE_DOWN,1003894
By Your Side,39,2017-01-01,"Jonas Blue, RAYE",https://open.spotify.com/track/1D3ODoXHBLpdxolZRHWV1j,Global,top200,MOVE_DOWN,971615
We Don't Talk Anymore (feat. Selena Gomez),40,2017-01-01,Charlie Puth,https://open.spotify.com/track/68EMU2RD1ECNeOeJ5qAXCV,Global,top200,MOVE_UP,971342
Caroline,41,2017-01-01,Aminé,https://open.spotify.com/track/7FB8l7UA1HKqnuSLjP9qDc,Global,top200,MOVE_UP,963128
Now and Later,42,2017-01-01,Sage The Gemini,https://open.spotify.com/track/08WPvDEsHvTFuB9w8tC2OS,Global,top200,MOVE_DOWN,959972
Love Me Now,43,2017-01-01,John Legend,https://open.spotify.com/track/6nxQdXa1uAL0rY72wPZu89,Global,top200,MOVE_UP,950832
The Mack,44,2017-01-01,"Nevada, Mark Morrison, Fetty Wap",https://open.spotify.com/track/7aV2mflaASUmGhCErm7kBO,Global,top200,MOVE_DOWN,949200
Alone,45,2017-01-01,Alan Walker,https://open.spotify.com/track/0JiVRyTJcJnmlwCZ854K4p,Global,top200,MOVE_DOWN,936813
Work,46,2017-01-01,"Rihanna, Drake",https://open.spotify.com/track/14WWzenpaEgQZlqPq2nk4v,Global,top200,MOVE_UP,899368
Otra vez (feat. J Balvin),47,2017-01-01,Zion & Lennox,https://open.spotify.com/track/3QwBODjSEzelZyVjxPOHdq,Global,top200,MOVE_UP,893174
I Would Like,48,2017-01-01,Zara Larsson,https://open.spotify.com/track/4Q4jmPHwu0wrJvqrld0FQ6,Global,top200,MOVE_DOWN,892922
Hear Me Now,49,2017-01-01,"Alok, Bruno Martini, Zeeba",https://open.spotify.com/track/1a5Yu5L18qNxVhXx38njON,Global,top200,MOVE_DOWN,873494
Shed a Light,50,2017-01-01,"Robin Schulz, David Guetta, Cheat Codes",https://open.spotify.com/track/1cG0umU5TKStygKsPFZ9pY,Global,top200,MOVE_DOWN,868259
Bounce Back,51,2017-01-01,Big Sean,https://open.spotify.com/track/0SGkqnVQo9KPytSri1H6cF,Global,top200,MOVE_UP,859929
Love Yourself,52,2017-01-01,Justin Bieber,https://open.spotify.com/track/3hB5DgAiMAQ4DzYbsMq1IT,Global,top200,MOVE_UP,858762
Cake By The Ocean,53,2017-01-01,DNCE,https://open.spotify.com/track/2aFiaMXmWsM3Vj72F9ksBl,Global,top200,MOVE_DOWN,830889
Party Monster,54,2017-01-01,The Weeknd,https://open.spotify.com/track/4F7A0DXBrmUAkp32uenhZt,Global,top200,MOVE_UP,829599
Sorry,55,2017-01-01,Justin Bieber,https://open.spotify.com/track/69bp2EbF7Q2rqc5N3ylezZ,Global,top200,MOVE_DOWN,827170
Ride,56,2017-01-01,Twenty One Pilots,https://open.spotify.com/track/2Z8WuEywRWYTKe1NybPQEW,Global,top200,MOVE_DOWN,825398
La Bicicleta,57,2017-01-01,"Carlos Vives, Shakira",https://open.spotify.com/track/0sXvAOmXgjR2QUqLK1MltU,Global,top200,MOVE_UP,810362
Perfect Strangers,58,2017-01-01,"Jonas Blue, JP Cooper",https://open.spotify.com/track/5bZtRlMBU76vHuDOb1GM5u,Global,top200,MOVE_DOWN,806283
Panda,59,2017-01-01,Desiigner,https://open.spotify.com/track/5OOkp4U9P9oL23maHFHL1h,Global,top200,MOVE_UP,788804
Too Good,60,2017-01-01,"Drake, Rihanna",https://open.spotify.com/track/11KJSRSgaDxqydKYiD2Jew,Global,top200,MOVE_UP,786785
"How Far I'll Go - From ""Moana""",61,2017-01-01,Alessia Cara,https://open.spotify.com/track/5hYTyyh2odQKphUbMqc5gN,Global,top200,MOVE_UP,778773
Sexual,62,2017-01-01,"NEIKED, Dyo",https://open.spotify.com/track/3AsAuGTaDQzavZZThyYlop,Global,top200,MOVE_DOWN,770804
Into You,63,2017-01-01,Ariana Grande,https://open.spotify.com/track/7yHEDfrJNd0zWOfXwydNH0,Global,top200,MOVE_UP,762502
Stressed Out,64,2017-01-01,Twenty One Pilots,https://open.spotify.com/track/3CRDbSIZ4r5MsZ0YwxuEkn,Global,top200,MOVE_DOWN,758614
Deja Vu,65,2017-01-01,J. Cole,https://open.spotify.com/track/6I6NX6tjGsxFAsIfGzY9lJ,Global,top200,MOVE_UP,748367
Shaky Shaky,66,2017-01-01,Daddy Yankee,https://open.spotify.com/track/58IL315gMSTD37DOZPJ2hf,Global,top200,MOVE_UP,735912
Faded,67,2017-01-01,Alan Walker,https://open.spotify.com/track/7gHs73wELdeycvS48JfIos,Global,top200,MOVE_DOWN,713049
The Greatest (feat. Kendrick Lamar),68,2017-01-01,Sia,https://open.spotify.com/track/7xHWNBFm6ObGEQPaUxHuKO,Global,top200,MOVE_DOWN,709411
Controlla,69,2017-01-01,Drake,https://open.spotify.com/track/6F609ICg9Spjrw1epsAnpa,Global,top200,MOVE_UP,687222
Light It Up (feat. Nyla & Fuse ODG) - Remix,70,2017-01-01,Major Lazer,https://open.spotify.com/track/0L7loeTIg6akW84aEQZpCT,Global,top200,MOVE_DOWN,686053
Traicionera,71,2017-01-01,Sebastian Yatra,https://open.spotify.com/track/5J1c3M4EldCfNxXwrwt8mT,Global,top200,MOVE_UP,685732
X (feat. Future),72,2017-01-01,"21 Savage, Metro Boomin",https://open.spotify.com/track/6fwdbPMwP1zVStm8FybmkO,Global,top200,MOVE_UP,673320
Send My Love (To Your New Lover),73,2017-01-01,Adele,https://open.spotify.com/track/4BHzQ9C00ceJxfG16AlNWb,Global,top200,MOVE_UP,672465
Juju on That Beat (TZ Anthem),74,2017-01-01,"Zay Hilfigerrr, Zayion McCall",https://open.spotify.com/track/1lItf5ZXJc1by9SbPeljFd,Global,top200,MOVE_UP,672103
DUELE EL CORAZON (feat. Wisin),75,2017-01-01,Enrique Iglesias,https://open.spotify.com/track/6YZdkObH88npeKrrkb8Ggf,Global,top200,MOVE_UP,666941
Hymn for the Weekend - Seeb Remix,76,2017-01-01,Coldplay,https://open.spotify.com/track/1OAiWI2oPmglaOiv9fdioU,Global,top200,MOVE_DOWN,655597
"i hate u, i love u (feat. olivia o'brien)",77,2017-01-01,gnash,https://open.spotify.com/track/7vRriwrloYVaoAe3a9wJHe,Global,top200,MOVE_DOWN,653547
"Sucker for Pain (with Wiz Khalifa, Imagine Dragons, Logic & Ty Dolla $ign feat. X Ambassadors)",78,2017-01-01,Lil Wayne,https://open.spotify.com/track/4dASQiO1Eoo3RJvt74FtXB,Global,top200,MOVE_UP,650717
Solo Dance,79,2017-01-01,Martin Jensen,https://open.spotify.com/track/6HUnnBwYZqcED1eQztxMBN,Global,top200,MOVE_DOWN,647007
Chill Bill (feat. J. Davi$ & Spooks),80,2017-01-01,Rob $tone,https://open.spotify.com/track/5uDASfU19gDxSjW8cnCaBp,Global,top200,MOVE_UP,646550
Deu Onda,81,2017-01-01,MC G15,https://open.spotify.com/track/0EPxmvsG1BY5td4aTOkWBF,Global,top200,MOVE_UP,640703
The Ocean (feat. Shy Martin),82,2017-01-01,Mike Perry,https://open.spotify.com/track/2CPqh63wRVscbceKcPxwvv,Global,top200,MOVE_DOWN,621355
Needed Me,83,2017-01-01,Rihanna,https://open.spotify.com/track/1Tt4sE4pXi57mTD1GCzsqm,Global,top200,MOVE_UP,618514
Human,84,2017-01-01,Rag'n'Bone Man,https://open.spotify.com/track/58zsLZPvfflaiIbNWoA22O,Global,top200,MOVE_DOWN,615851
Setting Fires,85,2017-01-01,"The Chainsmokers, XYLØ",https://open.spotify.com/track/0B8B8cVRFIG1yznoQe7c9s,Global,top200,MOVE_DOWN,599513
The Greatest,86,2017-01-01,Sia,https://open.spotify.com/track/6bLopGnirdrilrpdVB6Um1,Global,top200,MOVE_DOWN,597051
7 Years,87,2017-01-01,Lukas Graham,https://open.spotify.com/track/7129iqBafaphfc3WPCGC0L,Global,top200,MOVE_DOWN,593676
This Girl (Kungs Vs. Cookin' On 3 Burners),88,2017-01-01,Kungs,https://open.spotify.com/track/0tICYNayWWhH9GPeFrfjfD,Global,top200,MOVE_DOWN,586302
Sneakin’,89,2017-01-01,"Drake, 21 Savage",https://open.spotify.com/track/4ckuS4Nj4FZ7i3Def3Br8W,Global,top200,MOVE_UP,580939
OOOUUU,90,2017-01-01,Young M.A,https://open.spotify.com/track/7JYsArznYOjX2jsrT3UEnL,Global,top200,MOVE_UP,580826
Trust Nobody (feat. Selena Gomez & Tory Lanez),91,2017-01-01,Cashmere Cat,https://open.spotify.com/track/2wDjpPW3HZdA9quPPmZAMu,Global,top200,MOVE_UP,579504
Make Me (Cry),92,2017-01-01,"Noah Cyrus, Labrinth",https://open.spotify.com/track/2BrzlUj1u1CtvaJDGIKpsP,Global,top200,SAME_POSITION,577810
Lot to Learn,93,2017-01-01,Luke Christopher,https://open.spotify.com/track/2HzfRSfCogBSsgW2CckVA2,Global,top200,SAME_POSITION,570299
Fast Car,94,2017-01-01,"Jonas Blue, Dakota",https://open.spotify.com/track/6OZh916QF8XNunWaP97WEZ,Global,top200,MOVE_DOWN,567927
No Problem (feat. Lil Wayne & 2 Chainz),95,2017-01-01,Chance the Rapper,https://open.spotify.com/track/0v9Wz8o0BT8DU38R4ddjeH,Global,top200,MOVE_UP,567639
Water Under the Bridge,96,2017-01-01,Adele,https://open.spotify.com/track/4vb4mFvYsr2h6enhjJsq9Y,Global,top200,MOVE_UP,565509
Shout Out to My Ex,97,2017-01-01,Little Mix,https://open.spotify.com/track/0YHUITU3w6ws1v8ehT264g,Global,top200,MOVE_DOWN,561342
No Heart,98,2017-01-01,"21 Savage, Metro Boomin",https://open.spotify.com/track/4gmmRb6bZJffOOiww1JGTO,Global,top200,MOVE_UP,553704
Middle,99,2017-01-01,"DJ Snake, Bipolar Sunshine",https://open.spotify.com/track/4OZEu0Vwq0RB2LAq14v99n,Global,top200,SAME_POSITION,552314
Dile Que Tu Me Quieres,100,2017-01-01,Ozuna,https://open.spotify.com/track/20ZAJdsKB5IGbGj4ilRt2o,Global,top200,MOVE_UP,549784
Naha,25,2017-01-02,PNL,https://open.spotify.com/track/0lkQfsTMmtDA37tjjew9n0,France,top200,MOVE_UP,52620
"Me, Myself & I",101,2017-01-01,"G-Eazy, Bebe Rexha",https://open.spotify.com/track/40YcuQysJ0KlGQTeGUosTC,Global,top200,MOVE_DOWN,546883
Capsize,102,2017-01-01,"FRENSHIP, Emily Warren",https://open.spotify.com/track/2XMTqoHHSH0lvuXrvIEdco,Global,top200,MOVE_DOWN,543362
Billie Jean,103,2017-01-01,Michael Jackson,https://open.spotify.com/track/5ChkMS8OtdzJeqyybCc9R5,Global,top200,MOVE_UP,538134
Lean On (feat. MØ & DJ Snake),104,2017-01-01,Major Lazer,https://open.spotify.com/track/4WjH9Bzt3kx7z8kl0awxh4,Global,top200,MOVE_DOWN,536139
"Ay Mi Dios (feat. Pitbull, Yandel & Chacal)",105,2017-01-01,"IAmChino, El Chacal",https://open.spotify.com/track/6stYbAJgTszHAHZMPxWWCY,Global,top200,MOVE_UP,534629
Borro Cassette,106,2017-01-01,Maluma,https://open.spotify.com/track/6DUdDIRgLqCGq1DwkNWQTN,Global,top200,MOVE_UP,531529
Andas En Mi Cabeza,107,2017-01-01,"Chino & Nacho, Daddy Yankee",https://open.spotify.com/track/5mey7CLLuFToM2P68Qu1gF,Global,top200,MOVE_UP,523705
Sunset Lover,108,2017-01-01,Petit Biscuit,https://open.spotify.com/track/0hNduWmlWmEmuwEFcYvRu1,Global,top200,MOVE_DOWN,520460
Sidewalks,109,2017-01-01,"The Weeknd, Kendrick Lamar",https://open.spotify.com/track/4h90qkbnW1Qq6pBhoPvwko,Global,top200,MOVE_UP,516467
Sex,110,2017-01-01,"Cheat Codes, Kris Kross Amsterdam",https://open.spotify.com/track/5DA77EqppDmCTWGovd4oTP,Global,top200,MOVE_DOWN,515548
Final Song,111,2017-01-01,MØ,https://open.spotify.com/track/4qqArAiTPueDxIp7cf87h7,Global,top200,MOVE_DOWN,505038
All Time Low,112,2017-01-01,Jon Bellion,https://open.spotify.com/track/1CnPYaKxTVb4LWOtiGOm0m,Global,top200,MOVE_UP,501034
Versace on the Floor,113,2017-01-01,Bruno Mars,https://open.spotify.com/track/0kN8xEmgMW9mh7UmDYHlJP,Global,top200,MOVE_DOWN,500917
Six Feet Under,114,2017-01-01,The Weeknd,https://open.spotify.com/track/4mU5iXHeLgbR94siF7p1sY,Global,top200,MOVE_UP,489564
Fresh Eyes,115,2017-01-01,Andy Grammer,https://open.spotify.com/track/4nMlau89VAjmV7agkl7OY3,Global,top200,MOVE_UP,489550
Vacaciones,116,2017-01-01,Wisin,https://open.spotify.com/track/3dQDid3IUNhZy1OehIfYfE,Global,top200,MOVE_UP,487214
Bohemian Rhapsody - Remastered 2011,117,2017-01-01,Queen,https://open.spotify.com/track/1AhDOtG9vPSOmsWgNW0BEY,Global,top200,MOVE_UP,482964
pick up the phone,118,2017-01-01,"Young Thug, Travis Scott",https://open.spotify.com/track/20dP2DaMHIAmwWAbp7peSr,Global,top200,MOVE_UP,480609
You Was Right,119,2017-01-01,Lil Uzi Vert,https://open.spotify.com/track/2ANLarE8yHVsLWW21nj79M,Global,top200,MOVE_UP,476850
Steady 1234 (feat. Jasmine Thompson & Skizzy Mars),120,2017-01-01,Vice,https://open.spotify.com/track/40UroIGvsMPLPBYwH8rMNA,Global,top200,MOVE_DOWN,476309
Roses (feat. ROZES),121,2017-01-01,The Chainsmokers,https://open.spotify.com/track/6O6M7pJLABmfBRoGZMu76Y,Global,top200,MOVE_DOWN,475190
Jumpman,122,2017-01-01,"Drake, Future",https://open.spotify.com/track/27GmP9AWRs744SzKcpJsTZ,Global,top200,MOVE_UP,473297
Photograph,123,2017-01-01,Ed Sheeran,https://open.spotify.com/track/6fxVffaTuwjgEk5h9QyRjy,Global,top200,MOVE_UP,472142
PILLOWTALK,124,2017-01-01,ZAYN,https://open.spotify.com/track/0PDUDa38GO8lMxLCRc4lL1,Global,top200,MOVE_DOWN,470638
Pumped Up Kicks,125,2017-01-01,Foster The People,https://open.spotify.com/track/7w87IxuO7BDcJ3YUqCyMTT,Global,top200,MOVE_UP,467384
What Do You Mean?,126,2017-01-01,Justin Bieber,https://open.spotify.com/track/3pzjHKrQSvXGHQ98dx18HI,Global,top200,MOVE_DOWN,464343
Lush Life,127,2017-01-01,Zara Larsson,https://open.spotify.com/track/1rIKgCH4H52lrvDcz50hS8,Global,top200,MOVE_DOWN,460606
Hotline Bling,128,2017-01-01,Drake,https://open.spotify.com/track/2FBUoWkIuQXwayw2RNo5l6,Global,top200,MOVE_UP,459418
Redbone,129,2017-01-01,Childish Gambino,https://open.spotify.com/track/3kxfsdsCpFgN412fpnW85Y,Global,top200,MOVE_UP,455949
No Money,130,2017-01-01,Galantis,https://open.spotify.com/track/0gb1J5UrTpzaU1s3nupgCd,Global,top200,MOVE_DOWN,453779
"Happy - From ""Despicable Me 2""",131,2017-01-01,Pharrell Williams,https://open.spotify.com/track/5b88tNINg4Q4nrRbrCXUmg,Global,top200,MOVE_UP,453426
Hello,132,2017-01-01,Adele,https://open.spotify.com/track/4sPmO7WMQUAf45kwMOtONw,Global,top200,MOVE_DOWN,448638
This Town,133,2017-01-01,Niall Horan,https://open.spotify.com/track/5nA67Y0XX9JipZwYxX7Gl7,Global,top200,MOVE_UP,445379
Never Be Like You,134,2017-01-01,"Flume, kai",https://open.spotify.com/track/12REd1n8PeiHHWOh066tpr,Global,top200,MOVE_DOWN,445025
I Got You,135,2017-01-01,Bebe Rexha,https://open.spotify.com/track/1FUViuNSldssMIawrOXF2i,Global,top200,MOVE_DOWN,443982
Titanium (feat. Sia),136,2017-01-01,David Guetta,https://open.spotify.com/track/2dOTkLZFbpNXrhc24CnTFd,Global,top200,MOVE_UP,441628
Love on Me,137,2017-01-01,"Galantis, Hook N Sling",https://open.spotify.com/track/2MHCiOohBZEQuLgDTPvSzF,Global,top200,MOVE_DOWN,441050
Can't Hold Us - feat. Ray Dalton,138,2017-01-01,Macklemore & Ryan Lewis,https://open.spotify.com/track/3bidbhpOYeV4knp8AIu8Xn,Global,top200,MOVE_UP,440038
Me llamas (feat. Maluma) - Remix,139,2017-01-01,Piso 21,https://open.spotify.com/track/5hEM0JchdVzQ5PwvSfITeX,Global,top200,MOVE_UP,439910
Lighthouse - Andrelli Remix,140,2017-01-01,Hearts & Colors,https://open.spotify.com/track/04CttTezSnv71USiiG9mIo,Global,top200,MOVE_DOWN,439245
Thinking out Loud,141,2017-01-01,Ed Sheeran,https://open.spotify.com/track/1Slwb6dOYkBlWal1PGtnNg,Global,top200,SAME_POSITION,436476
I Want You Back,142,2017-01-01,The Jackson 5,https://open.spotify.com/track/3b0EOvScbZUc0qJx0E1L2z,Global,top200,MOVE_UP,436184
Weak,143,2017-01-01,AJR,https://open.spotify.com/track/3E2Zh20GDCR9B1EYjfXWyv,Global,top200,MOVE_UP,428247
Stitches,144,2017-01-01,Shawn Mendes,https://open.spotify.com/track/1WP1r7fuvRqZRnUaTi2I1Q,Global,top200,MOVE_DOWN,426162
Neighbors,145,2017-01-01,J. Cole,https://open.spotify.com/track/0utlOiJy2weVl9WTkcEWHy,Global,top200,MOVE_UP,425033
Dancing On My Own,146,2017-01-01,Calum Scott,https://open.spotify.com/track/02WacdrRpm4zlP8H7X6bnQ,Global,top200,MOVE_DOWN,420756
iSpy (feat. Lil Yachty),147,2017-01-01,KYLE,https://open.spotify.com/track/2EEeOnHehOozLq4aS0n6SL,Global,top200,MOVE_UP,418210
Dynamite (feat. Pretty Sister),148,2017-01-01,Nause,https://open.spotify.com/track/2Ae5awwKvQpTBKQHr1TYCg,Global,top200,MOVE_DOWN,413497
Ain't No Mountain High Enough,149,2017-01-01,"Marvin Gaye, Tammi Terrell",https://open.spotify.com/track/2H3ZUSE54pST4ubRd5FzFR,Global,top200,MOVE_UP,413039
Ain't My Fault,150,2017-01-01,Zara Larsson,https://open.spotify.com/track/0ADG9OgdVTL7fgREP75BrZ,Global,top200,MOVE_DOWN,411636
Gold,151,2017-01-01,Kiiara,https://open.spotify.com/track/6WhzFzROw3aq3rPWjgYlxr,Global,top200,MOVE_UP,410605
Low Life (feat. The Weeknd),152,2017-01-01,Future,https://open.spotify.com/track/7EiZI6JVHllARrX9PUvAdX,Global,top200,MOVE_UP,409112
Gyal You A Party Animal - Remix,153,2017-01-01,"Charly Black, Daddy Yankee",https://open.spotify.com/track/1AkTW13ysu0AJrwuM6UY0I,Global,top200,MOVE_DOWN,406113
Some Kind Of Drug (feat. Marc E. Bassy),154,2017-01-01,G-Eazy,https://open.spotify.com/track/1Bqxj0aH5KewYHKUg1IdrF,Global,top200,MOVE_UP,403095
Hasta el Amanecer,155,2017-01-01,Nicky Jam,https://open.spotify.com/track/5Fim1gaXBgsiFfsQAfQSDS,Global,top200,MOVE_UP,400584
Can't Feel My Face,156,2017-01-01,The Weeknd,https://open.spotify.com/track/6RsWqX8zABZLhZydXxEFOm,Global,top200,MOVE_DOWN,398209
Love On The Brain,157,2017-01-01,Rihanna,https://open.spotify.com/track/2aksifNn5ph8igDOkPBA02,Global,top200,MOVE_DOWN,397058
Desde Esa Noche (feat. Maluma),158,2017-01-01,Thalia,https://open.spotify.com/track/1pWYnQIlqxTh5bxuPmTG4E,Global,top200,NEW_ENTRY,396612
Reminder,159,2017-01-01,The Weeknd,https://open.spotify.com/track/37F0uwRSrdzkBiuj0D5UHI,Global,top200,MOVE_UP,396409
"Cuatro Babys (feat. Trap Capos, Noriel, Bryant Myers & Juhn)",160,2017-01-01,Maluma,https://open.spotify.com/track/0JoHqmlqE0W0i9prt6kcHR,Global,top200,MOVE_UP,393026
My House,161,2017-01-01,Flo Rida,https://open.spotify.com/track/6Knv6wdA0luoMUuuoYi2i1,Global,top200,MOVE_UP,391880
No Role Modelz,162,2017-01-01,J. Cole,https://open.spotify.com/track/62vpWI1CHwFy7tMIcSStl8,Global,top200,NEW_ENTRY,389511
The Hills,163,2017-01-01,The Weeknd,https://open.spotify.com/track/25khomWgBVamSdKw7hzm3l,Global,top200,MOVE_UP,389467
Swang,164,2017-01-01,Rae Sremmurd,https://open.spotify.com/track/6mapJIPnQ23RTAevUoE0DL,Global,top200,MOVE_UP,387386
Don't Stop Me Now - Remastered 2011,165,2017-01-01,Queen,https://open.spotify.com/track/5T8EDUDqKcs6OSOwEsfqG7,Global,top200,MOVE_UP,387160
Let Me Hold You (Turn Me On),166,2017-01-01,"Dante Klein, Cheat Codes",https://open.spotify.com/track/0lmdsH1MIoLsMymnNpd6HU,Global,top200,MOVE_DOWN,385235
Uptown Funk (feat. Bruno Mars),167,2017-01-01,Mark Ronson,https://open.spotify.com/track/32OlwWuMpZ6b0aN2RZOeMS,Global,top200,MOVE_DOWN,385214
La Gozadera (feat. Marc Anthony),168,2017-01-01,Gente De Zona,https://open.spotify.com/track/0OMRAvrtLWE2TvcXorRiB9,Global,top200,NEW_ENTRY,377647
Say It (feat. Tove Lo),169,2017-01-01,Flume,https://open.spotify.com/track/4sQMalN597HdggTu196aL0,Global,top200,MOVE_DOWN,373311
goosebumps,170,2017-01-01,Travis Scott,https://open.spotify.com/track/6gBFPUFcJLzWGx4lenP6h2,Global,top200,NEW_ENTRY,371600
That's What I Like,171,2017-01-01,Bruno Mars,https://open.spotify.com/track/0KKkJNfGyhkQ5aFogxQAPU,Global,top200,MOVE_UP,371473
Light,172,2017-01-01,San Holo,https://open.spotify.com/track/7zTx8ePYAmPFQuxP3xlXZn,Global,top200,MOVE_UP,371468
Immortal,173,2017-01-01,J. Cole,https://open.spotify.com/track/6AGON2BGdPmPMJGiiNuuwl,Global,top200,MOVE_UP,367746
Chillax (feat. Ky-Mani Marley),174,2017-01-01,Farruko,https://open.spotify.com/track/1lxswgIpzV6HhENRvkflES,Global,top200,NEW_ENTRY,363805
Wake Up Where You Are,175,2017-01-01,State of Sound,https://open.spotify.com/track/2s76aKBWKShlwPC4xTtEEE,Global,top200,MOVE_DOWN,362966
Would I Lie to You - Radio Edit,176,2017-01-01,"David Guetta, Cedric Gervais, Chris Willis",https://open.spotify.com/track/4PdJSsESm34djLfBde9Pr2,Global,top200,MOVE_DOWN,359074
Please Don't Go,177,2017-01-01,Joel Adams,https://open.spotify.com/track/3cNjgVBKTJ1SvKhunrCdVy,Global,top200,MOVE_DOWN,357531
Rockin’,178,2017-01-01,The Weeknd,https://open.spotify.com/track/36YCdzT57us0LhDmCYtrNE,Global,top200,MOVE_DOWN,357162
Sugar (feat. Francesco Yates),179,2017-01-01,Robin Schulz,https://open.spotify.com/track/5tf1VVWniHgryyumXyJM7w,Global,top200,MOVE_DOWN,355613
Hymn for the Weekend,180,2017-01-01,Coldplay,https://open.spotify.com/track/3RiPr603aXAoi4GHyXx0uy,Global,top200,MOVE_DOWN,352612
Alarm,181,2017-01-01,Anne-Marie,https://open.spotify.com/track/0OwX5aROoW1Iip8FV51Efg,Global,top200,MOVE_DOWN,351130
You & Me,182,2017-01-01,"Marc E. Bassy, G-Eazy",https://open.spotify.com/track/4QdovcM8j50QPlyR7tH4xe,Global,top200,MOVE_UP,350746
No Lie,183,2017-01-01,"Sean Paul, Dua Lipa",https://open.spotify.com/track/3cFsmM51N5zMAuu1nNY4Tw,Global,top200,MOVE_DOWN,350700
Bobo,184,2017-01-01,J Balvin,https://open.spotify.com/track/7AtlMCIauSQZqiXSlbBPW6,Global,top200,MOVE_UP,350414
Stay (feat. Maty Noyes),185,2017-01-01,Kygo,https://open.spotify.com/track/2FiSTH0GYpIioUgjfzMIja,Global,top200,MOVE_DOWN,347597
Used to This (feat. Drake),186,2017-01-01,Future,https://open.spotify.com/track/78sr3ogs4UzITcCNbXM9cM,Global,top200,NEW_ENTRY,344032
Purple Lamborghini (with Rick Ross),187,2017-01-01,Skrillex,https://open.spotify.com/track/6JyuJFedEvPmdWQW0PkbGJ,Global,top200,NEW_ENTRY,343807
Cool Girl,188,2017-01-01,Tove Lo,https://open.spotify.com/track/5dKyZWlgjWw1oJgLa4GCZD,Global,top200,MOVE_DOWN,343803
Miss You,189,2017-01-01,James Hersey,https://open.spotify.com/track/7of1slAJIWrXxP8ikAHxje,Global,top200,MOVE_DOWN,342000
Die For You,190,2017-01-01,The Weeknd,https://open.spotify.com/track/2LBqCSwhJGcFQeTHMVGwy3,Global,top200,NEW_ENTRY,341736
"Lose Yourself - From ""8 Mile"" Soundtrack",191,2017-01-01,Eminem,https://open.spotify.com/track/5Z01UMMf7V1o0MzF86s6WJ,Global,top200,NEW_ENTRY,341046
Paper Planes,192,2017-01-01,M.I.A.,https://open.spotify.com/track/1kusepF3AacIEtUTYrw4GV,Global,top200,NEW_ENTRY,341003
Let It Go,193,2017-01-01,James Bay,https://open.spotify.com/track/13HVjjWUZFaWilh2QUJKsP,Global,top200,NEW_ENTRY,340299
Famous,194,2017-01-01,Kanye West,https://open.spotify.com/track/19a3JfW8BQwqHWUMbcqSx8,Global,top200,NEW_ENTRY,336134
Taped up Heart (feat. Clara Mae),195,2017-01-01,KREAM,https://open.spotify.com/track/26hcyzSE154xMZCbFdtInA,Global,top200,MOVE_DOWN,333469
White Iverson,196,2017-01-01,Post Malone,https://open.spotify.com/track/6eT7xZZlB2mwyzJ2sUKG6w,Global,top200,NEW_ENTRY,332756
Oh Lord,197,2017-01-01,MiC LOWRY,https://open.spotify.com/track/1sTUEdVO85YU8Ymk2jeAls,Global,top200,MOVE_DOWN,331792
Superstition - Single Version,198,2017-01-01,Stevie Wonder,https://open.spotify.com/track/5lXcSvHRVjQJ3LB2rLKQog,Global,top200,NEW_ENTRY,331376
Secrets,199,2017-01-01,The Weeknd,https://open.spotify.com/track/3DX4Y0egvc0slLcLl31h2p,Global,top200,NEW_ENTRY,331233
Ni**as In Paris,200,2017-01-01,"JAY-Z, Kanye West",https://open.spotify.com/track/2KpCpk6HjXXLb7nnXoXA5O,Global,top200,NEW_ENTRY,325951